Datetime,streamflow
1979-04-01,0.17
1979-04-02,0.16
1979-04-03,0.15
1979-04-04,0.14
1979-04-05,0.12
1979-04-06,0.11
1979-04-07,0.1
1979-04-08,0.09
1979-04-09,0.08
1979-04-10,0.08
1979-04-11,0.07
1979-04-12,0.07
1979-04-13,0.07
1979-04-14,0.06
1979-04-15,0.06
1979-04-16,0.07
1979-04-17,0.07
1979-04-18,0.07
1979-04-19,0.07
1979-04-20,0.06
1979-04-21,0.11
1979-04-22,0.1
1979-04-23,0.14
1979-04-24,0.18
1979-04-25,0.18
1979-04-26,0.17
1979-04-27,0.16
1979-04-28,0.17
1979-04-29,0.18
1979-04-30,0.17
1979-05-01,0.18
1979-05-02,0.17
1979-05-03,0.19
1979-05-04,0.18
1979-05-05,0.18
1979-05-06,0.17
1979-05-07,0.16
1979-05-08,0.15
1979-05-09,0.14
1979-05-10,0.15
1979-05-11,0.14
1979-05-12,0.3
1979-05-13,0.3
1979-05-14,0.28
1979-05-15,0.27
1979-05-16,0.28
1979-05-17,0.3
1979-05-18,0.32
1979-05-19,0.32
1979-05-20,0.3
1979-05-21,0.38
1979-05-22,0.65
1979-05-23,0.8
1979-05-24,0.97
1979-05-25,1.05
1979-05-26,1.2
1979-05-27,1.41
1979-05-28,1.47
1979-05-29,1.52
1979-05-30,1.52
1979-05-31,1.7
1979-06-01,2.28
1979-06-02,2.99
1979-06-03,3.09
1979-06-04,3.18
1979-06-05,3.27
1979-06-06,3.38
1979-06-07,3.72
1979-06-08,3.95
1979-06-09,4.06
1979-06-10,3.95
1979-06-11,3.95
1979-06-12,3.84
1979-06-13,3.95
1979-06-14,3.95
1979-06-15,3.84
1979-06-16,3.84
1979-06-17,4.06
1979-06-18,4.29
1979-06-19,4.79
1979-06-20,5.7
1979-06-21,7.06
1979-06-22,8.36
1979-06-23,9.8
1979-06-24,10.7
1979-06-25,12.7
1979-06-26,13.7
1979-06-27,17.2
1979-06-28,20.6
1979-06-29,24.2
1979-06-30,27.6
1979-07-01,31.2
1979-07-02,37.1
1979-07-03,45.0
1979-07-04,57.8
1979-07-05,64.3
1979-07-06,66.8
1979-07-07,67.4
1979-07-08,64.3
1979-07-09,60.8
1979-07-10,56.7
1979-07-11,50.4
1979-07-12,43.9
1979-07-13,37.6
1979-07-14,29.8
1979-07-15,23.8
1979-07-16,19.8
1979-07-17,15.4
1979-07-18,12.7
1979-07-19,10.1
1979-07-20,8.36
1979-07-21,7.23
1979-07-22,6.55
1979-07-23,6.38
1979-07-24,5.87
1979-07-25,5.44
1979-07-26,5.18
1979-07-27,4.92
1979-07-28,5.44
1979-07-29,5.05
1979-07-30,4.79
1979-07-31,4.53
1979-08-01,4.29
1979-08-02,4.06
1979-08-03,3.95
1979-08-04,3.72
1979-08-05,3.72
1979-08-06,4.06
1979-08-07,6.89
1979-08-08,7.06
1979-08-09,11.0
1979-08-10,20.6
1979-08-11,29.4
1979-08-12,34.3
1979-08-13,35.7
1979-08-14,34.8
1979-08-15,34.8
1979-08-16,30.2
1979-08-17,27.6
1979-08-18,26.3
1979-08-19,24.6
1979-08-20,21.8
1979-08-21,19.1
1979-08-22,15.8
1979-08-23,13.0
1979-08-24,10.1
1979-08-25,8.6
1979-08-26,8.12
1979-08-27,7.88
1979-08-28,7.88
1979-08-29,7.23
1979-08-30,6.55
1979-08-31,5.05
1979-09-01,4.79
1979-09-02,4.66
1979-09-03,4.4
1979-09-04,4.29
1979-09-05,4.17
1979-09-06,4.06
1979-09-07,5.05
1979-09-08,4.92
1979-09-09,4.53
1979-09-10,4.29
1979-09-11,4.17
1979-09-12,3.95
1979-09-13,3.84
1979-09-14,3.72
1979-09-15,3.61
1979-09-16,3.61
1979-09-17,3.5
1979-09-18,3.61
1979-09-19,3.72
1979-09-20,3.72
1979-09-21,3.61
1979-09-22,3.72
1979-09-23,4.17
1979-09-24,8.6
1979-09-25,27.6
1979-09-26,34.3
1979-09-27,39.0
1979-09-28,42.4
1979-09-29,47.0
1979-09-30,52.6
1979-10-01,61.9
1979-10-02,72.4
1979-10-03,85.2
1979-10-04,92.2
1979-10-05,94.3
1979-10-06,94.3
1979-10-07,91.5
1979-10-08,89.4
1979-10-09,86.6
1979-10-10,81.1
1979-10-11,75.0
1979-10-12,67.4
1979-10-13,59.6
1979-10-14,49.8
1979-10-15,39.5
1979-10-16,29.4
1979-10-17,18.7
1979-10-18,12.7
1979-10-19,10.4
1979-10-20,8.36
1979-10-21,7.06
1979-10-22,6.38
1979-10-23,6.04
1979-10-24,5.57
1979-10-25,5.44
1979-10-26,5.18
1979-10-27,4.92
1979-10-28,4.66
1979-10-29,4.53
1979-10-30,4.4
1979-10-31,4.4
1979-11-01,4.29
1979-11-02,4.17
1979-11-03,4.17
1979-11-04,4.06
1979-11-05,3.95
1979-11-06,3.95
1979-11-07,3.84
1979-11-08,3.72
1979-11-09,3.61
1979-11-10,3.5
1979-11-11,3.38
1979-11-12,3.27
1979-11-13,3.27
1979-11-14,3.18
1979-11-15,3.27
1979-11-16,3.38
1979-11-17,3.27
1979-11-18,3.27
1979-11-19,3.18
1979-11-20,3.18
1979-11-21,3.18
1979-11-22,3.18
1979-11-23,3.09
1979-11-24,3.09
1979-11-25,3.09
1979-11-26,3.09
1979-11-27,3.09
1979-11-28,2.99
1979-11-29,2.99
1979-11-30,2.99
1979-12-01,2.99
1979-12-02,2.99
1979-12-03,2.99
1979-12-04,2.99
1979-12-05,2.99
1979-12-06,2.99
1979-12-07,2.9
1979-12-08,2.9
1979-12-09,2.9
1979-12-10,2.9
1979-12-11,2.81
1979-12-12,2.81
1979-12-13,2.72
1979-12-14,2.63
1979-12-15,2.63
1979-12-16,2.53
1979-12-17,2.53
1979-12-18,2.44
1979-12-19,2.35
1979-12-20,2.35
1979-12-21,2.28
1979-12-22,2.28
1979-12-23,2.21
1979-12-24,2.21
1979-12-25,2.13
1979-12-26,2.06
1979-12-27,1.99
1979-12-28,1.92
1979-12-29,1.85
1979-12-30,1.77
1979-12-31,1.7
1980-01-01,1.7
1980-01-02,1.7
1980-01-03,1.63
1980-01-04,1.63
1980-01-05,1.58
1980-01-06,1.58
1980-01-07,1.52
1980-01-08,1.47
1980-01-09,1.41
1980-01-10,1.41
1980-01-11,1.36
1980-01-12,1.36
1980-01-13,1.31
1980-01-14,1.25
1980-01-15,1.25
1980-01-16,1.2
1980-01-17,1.14
1980-01-18,1.14
1980-01-19,1.09
1980-01-20,1.09
1980-01-21,1.05
1980-01-22,1.01
1980-01-23,1.01
1980-01-24,0.97
1980-01-25,0.93
1980-01-26,0.88
1980-01-27,0.88
1980-01-28,0.84
1980-01-29,0.8
1980-01-30,0.8
1980-01-31,0.76
1980-02-01,0.72
1980-02-02,0.72
1980-02-03,0.68
1980-02-04,0.68
1980-02-05,0.65
1980-02-06,0.65
1980-02-07,0.62
1980-02-08,0.59
1980-02-09,0.56
1980-02-10,0.56
1980-02-11,0.53
1980-02-12,0.5
1980-02-13,0.47
1980-02-14,0.44
1980-02-15,0.44
1980-02-16,0.41
1980-02-17,0.38
1980-02-18,0.38
1980-02-19,0.36
1980-02-20,0.36
1980-02-21,0.34
1980-02-22,0.34
1980-02-23,0.32
1980-02-24,0.3
1980-02-25,0.28
1980-02-26,0.28
1980-02-27,0.27
1980-02-28,0.27
1980-02-29,0.25
1980-03-01,0.25
1980-03-02,0.23
1980-03-03,0.19
1980-03-04,0.19
1980-03-05,0.18
1980-03-06,0.18
1980-03-07,0.16
1980-03-08,0.16
1980-03-09,0.15
1980-03-10,0.15
1980-03-11,0.14
1980-03-12,0.14
1980-03-13,0.12
1980-03-14,0.12
1980-03-15,0.11
1980-03-16,0.11
1980-03-17,0.1
1980-03-18,0.1
1980-03-19,0.09
1980-03-20,0.08
1980-03-21,0.08
1980-03-22,0.07
1980-03-23,0.07
1980-03-24,0.06
1980-03-25,0.06
1980-03-26,0.06
1980-03-27,0.05
1980-03-28,0.04
1980-03-29,0.04
1980-03-30,0.04
1980-03-31,0.03
1980-04-01,0.03
1980-04-02,0.02
1980-04-03,0.02
1980-04-04,0.02
1980-04-05,0.02
1980-04-06,0.02
1980-04-07,0.02
1980-04-08,0.01
1980-04-09,0.01
1980-04-10,0.01
1980-04-11,0.01
1980-04-12,0.01
1980-04-13,0.0
1980-04-14,0.0
1980-04-15,0.0
1980-04-16,0.0
1980-04-17,0.0
1980-04-18,0.0
1980-04-19,0.0
1980-04-20,0.0
1980-04-21,0.0
1980-04-22,0.0
1980-04-23,0.0
1980-04-24,0.0
1980-04-25,0.0
1980-04-26,0.0
1980-04-27,0.0
1980-04-28,0.0
1980-04-29,0.0
1980-04-30,0.0
1980-05-01,0.0
1980-05-02,0.0
1980-05-03,0.0
1980-05-04,0.0
1980-05-05,0.0
1980-05-06,0.0
1980-05-07,0.0
1980-05-08,0.0
1980-05-09,0.0
1980-05-10,0.0
1980-05-11,0.0
1980-05-12,0.0
1980-05-13,0.0
1980-05-14,0.0
1980-05-15,0.0
1980-05-16,0.0
1980-05-17,0.01
1980-05-18,0.01
1980-05-19,0.01
1980-05-20,0.01
1980-05-21,0.01
1980-05-22,0.01
1980-05-23,0.04
1980-05-24,0.04
1980-05-25,0.04
1980-05-26,0.04
1980-05-27,0.1
1980-05-28,0.12
1980-05-29,0.14
1980-05-30,0.17
1980-05-31,0.15
1980-06-01,0.17
1980-06-02,0.17
1980-06-03,0.17
1980-06-04,0.17
1980-06-05,0.16
1980-06-06,0.16
1980-06-07,0.18
1980-06-08,0.18
1980-06-09,0.18
1980-06-10,0.21
1980-06-11,0.3
1980-06-12,1.41
1980-06-13,5.82
1980-06-14,15.7
1980-06-15,25.3
1980-06-16,34.7
1980-06-17,41.2
1980-06-18,44.4
1980-06-19,47.4
1980-06-20,57.2
1980-06-21,114.0
1980-06-22,148.0
1980-06-23,146.0
1980-06-24,148.0
1980-06-25,143.0
1980-06-26,124.0
1980-06-27,117.0
1980-06-28,115.0
1980-06-29,112.0
1980-06-30,113.0
1980-07-01,112.0
1980-07-02,111.0
1980-07-03,109.0
1980-07-04,95.2
1980-07-05,88.9
1980-07-06,81.1
1980-07-07,72.9
1980-07-08,62.0
1980-07-09,55.3
1980-07-10,46.2
1980-07-11,34.2
1980-07-12,24.3
1980-07-13,19.1
1980-07-14,16.4
1980-07-15,14.3
1980-07-16,12.3
1980-07-17,11.7
1980-07-18,10.1
1980-07-19,10.4
1980-07-20,12.0
1980-07-21,11.4
1980-07-22,10.7
1980-07-23,10.4
1980-07-24,9.5
1980-07-25,9.5
1980-07-26,10.1
1980-07-27,11.7
1980-07-28,16.0
1980-07-29,19.9
1980-07-30,22.5
1980-07-31,23.9
1980-08-01,23.4
1980-08-02,22.1
1980-08-03,19.5
1980-08-04,17.6
1980-08-05,15.7
1980-08-06,13.6
1980-08-07,12.6
1980-08-08,11.0
1980-08-09,9.5
1980-08-10,8.38
1980-08-11,7.26
1980-08-12,6.7
1980-08-13,5.82
1980-08-14,5.38
1980-08-15,5.16
1980-08-16,4.94
1980-08-17,4.94
1980-08-18,4.5
1980-08-19,4.38
1980-08-20,4.5
1980-08-21,4.5
1980-08-22,4.72
1980-08-23,4.72
1980-08-24,4.72
1980-08-25,5.6
1980-08-26,5.82
1980-08-27,5.6
1980-08-28,5.6
1980-08-29,5.38
1980-08-30,7.26
1980-08-31,12.3
1980-09-01,14.6
1980-09-02,15.0
1980-09-03,15.0
1980-09-04,15.3
1980-09-05,15.3
1980-09-06,15.3
1980-09-07,15.3
1980-09-08,16.8
1980-09-09,18.3
1980-09-10,21.2
1980-09-11,26.2
1980-09-12,28.6
1980-09-13,31.1
1980-09-14,32.2
1980-09-15,34.7
1980-09-16,38.4
1980-09-17,41.7
1980-09-18,46.8
1980-09-19,55.3
1980-09-20,88.0
1980-09-21,150.0
1980-09-22,196.0
1980-09-23,211.0
1980-09-24,207.0
1980-09-25,200.0
1980-09-26,191.0
1980-09-27,187.0
1980-09-28,184.0
1980-09-29,179.0
1980-09-30,174.0
1980-10-01,173.0
1980-10-02,166.0
1980-10-03,162.0
1980-10-04,158.0
1980-10-05,153.0
1980-10-06,149.0
1980-10-07,144.0
1980-10-08,138.0
1980-10-09,124.0
1980-10-10,118.0
1980-10-11,114.0
1980-10-12,110.0
1980-10-13,107.0
1980-10-14,103.0
1980-10-15,102.0
1980-10-16,99.7
1980-10-17,98.8
1980-10-18,97.9
1980-10-19,96.1
1980-10-20,93.4
1980-10-21,87.1
1980-10-22,83.7
1980-10-23,77.8
1980-10-24,69.8
1980-10-25,62.6
1980-10-26,55.9
1980-10-27,53.4
1980-10-28,45.0
1980-10-29,37.4
1980-10-30,33.2
1980-10-31,29.6
1980-11-01,26.7
1980-11-02,23.9
1980-11-03,22.1
1980-11-04,20.8
1980-11-05,19.9
1980-11-06,19.5
1980-11-07,19.1
1980-11-08,18.3
1980-11-09,17.2
1980-11-10,15.7
1980-11-11,14.6
1980-11-12,13.6
1980-11-13,12.9
1980-11-14,12.9
1980-11-15,12.6
1980-11-16,12.6
1980-11-17,12.3
1980-11-18,12.0
1980-11-19,11.4
1980-11-20,11.0
1980-11-21,10.7
1980-11-22,10.4
1980-11-23,9.81
1980-11-24,9.22
1980-11-25,8.66
1980-11-26,8.38
1980-11-27,7.54
1980-11-28,7.26
1980-11-29,6.7
1980-11-30,6.48
1980-12-01,6.26
1980-12-02,5.82
1980-12-03,5.82
1980-12-04,5.38
1980-12-05,5.16
1980-12-06,4.94
1980-12-07,4.25
1980-12-08,4.13
1980-12-09,4.01
1980-12-10,4.01
1980-12-11,4.01
1980-12-12,4.01
1980-12-13,3.88
1980-12-14,3.88
1980-12-15,3.76
1980-12-16,3.76
1980-12-17,3.64
1980-12-18,3.64
1980-12-19,3.64
1980-12-20,3.52
1980-12-21,3.39
1980-12-22,3.27
1980-12-23,3.27
1980-12-24,3.27
1980-12-25,3.18
1980-12-26,3.18
1980-12-27,3.18
1980-12-28,3.09
1980-12-29,3.09
1980-12-30,3.09
1980-12-31,2.99
1981-01-01,2.99
1981-01-02,2.9
1981-01-03,2.9
1981-01-04,2.9
1981-01-05,2.81
1981-01-06,2.81
1981-01-07,2.81
1981-01-08,2.81
1981-01-09,2.81
1981-01-10,2.72
1981-01-11,2.63
1981-01-12,2.63
1981-01-13,2.53
1981-01-14,2.53
1981-01-15,2.44
1981-01-16,2.44
1981-01-17,2.44
1981-01-18,2.35
1981-01-19,2.35
1981-01-20,2.35
1981-01-21,2.28
1981-01-22,2.28
1981-01-23,2.21
1981-01-24,2.13
1981-01-25,2.06
1981-01-26,2.06
1981-01-27,1.99
1981-01-28,1.92
1981-01-29,1.85
1981-01-30,1.77
1981-01-31,1.7
1981-02-01,1.63
1981-02-02,1.58
1981-02-03,1.52
1981-02-04,1.47
1981-02-05,1.41
1981-02-06,1.36
1981-02-07,1.31
1981-02-08,1.25
1981-02-09,1.25
1981-02-10,1.2
1981-02-11,1.14
1981-02-12,1.09
1981-02-13,1.09
1981-02-14,1.05
1981-02-15,1.05
1981-02-16,1.01
1981-02-17,1.01
1981-02-18,0.97
1981-02-19,0.93
1981-02-20,0.88
1981-02-21,0.84
1981-02-22,0.84
1981-02-23,0.8
1981-02-24,0.76
1981-02-25,0.72
1981-02-26,0.8
1981-02-27,0.84
1981-02-28,0.93
1981-03-01,0.93
1981-03-02,0.93
1981-03-03,0.93
1981-03-04,0.93
1981-03-05,0.93
1981-03-06,0.88
1981-03-07,0.88
1981-03-08,0.84
1981-03-09,0.84
1981-03-10,0.8
1981-03-11,0.76
1981-03-12,0.72
1981-03-13,0.72
1981-03-14,0.68
1981-03-15,0.65
1981-03-16,0.62
1981-03-17,0.62
1981-03-18,0.59
1981-03-19,0.56
1981-03-20,0.53
1981-03-21,0.5
1981-03-22,0.47
1981-03-23,0.44
1981-03-24,0.41
1981-03-25,0.38
1981-03-26,0.36
1981-03-27,0.34
1981-03-28,0.32
1981-03-29,0.3
1981-03-30,0.3
1981-03-31,0.28
1981-04-01,0.28
1981-04-02,0.28
1981-04-03,0.27
1981-04-04,0.27
1981-04-05,0.27
1981-04-06,0.28
1981-04-07,0.28
1981-04-08,0.3
1981-04-09,0.3
1981-04-10,0.3
1981-04-11,0.28
1981-04-12,0.28
1981-04-13,0.27
1981-04-14,0.25
1981-04-15,0.25
1981-04-16,0.23
1981-04-17,0.19
1981-04-18,0.18
1981-04-19,0.18
1981-04-20,0.19
1981-04-21,0.23
1981-04-22,0.27
1981-04-23,0.3
1981-04-24,0.32
1981-04-25,0.34
1981-04-26,0.36
1981-04-27,0.38
1981-04-28,0.44
1981-04-29,0.5
1981-04-30,0.53
1981-05-01,0.53
1981-05-02,0.5
1981-05-03,0.5
1981-05-04,0.47
1981-05-05,0.44
1981-05-06,0.44
1981-05-07,0.41
1981-05-08,0.38
1981-05-09,0.38
1981-05-10,0.36
1981-05-11,0.36
1981-05-12,0.34
1981-05-13,0.34
1981-05-14,0.34
1981-05-15,0.36
1981-05-16,0.38
1981-05-17,0.38
1981-05-18,0.41
1981-05-19,0.44
1981-05-20,0.41
1981-05-21,0.38
1981-05-22,0.38
1981-05-23,0.72
1981-05-24,1.63
1981-05-25,2.21
1981-05-26,2.53
1981-05-27,2.72
1981-05-28,2.81
1981-05-29,2.9
1981-05-30,3.09
1981-05-31,3.09
1981-06-01,3.27
1981-06-02,3.27
1981-06-03,3.39
1981-06-04,3.52
1981-06-05,3.64
1981-06-06,3.76
1981-06-07,3.64
1981-06-08,3.52
1981-06-09,3.39
1981-06-10,3.27
1981-06-11,3.27
1981-06-12,3.27
1981-06-13,3.39
1981-06-14,3.39
1981-06-15,3.52
1981-06-16,3.64
1981-06-17,3.64
1981-06-18,3.52
1981-06-19,3.64
1981-06-20,3.76
1981-06-21,3.76
1981-06-22,3.64
1981-06-23,3.52
1981-06-24,3.39
1981-06-25,3.27
1981-06-26,3.39
1981-06-27,3.64
1981-06-28,3.64
1981-06-29,3.88
1981-06-30,4.25
1981-07-01,3.27
1981-07-02,4.01
1981-07-03,4.5
1981-07-04,5.38
1981-07-05,6.7
1981-07-06,7.26
1981-07-07,7.26
1981-07-08,7.82
1981-07-09,8.38
1981-07-10,8.66
1981-07-11,8.66
1981-07-12,8.94
1981-07-13,8.94
1981-07-14,9.5
1981-07-15,10.7
1981-07-16,15.7
1981-07-17,21.7
1981-07-18,24.8
1981-07-19,29.6
1981-07-20,35.8
1981-07-21,57.9
1981-07-22,90.7
1981-07-23,150.0
1981-07-24,162.0
1981-07-25,171.0
1981-07-26,173.0
1981-07-27,169.0
1981-07-28,163.0
1981-07-29,155.0
1981-07-30,150.0
1981-07-31,142.0
1981-08-01,136.0
1981-08-02,129.0
1981-08-03,124.0
1981-08-04,120.0
1981-08-05,123.0
1981-08-06,120.0
1981-08-07,119.0
1981-08-08,117.0
1981-08-09,114.0
1981-08-10,114.0
1981-08-11,115.0
1981-08-12,117.0
1981-08-13,117.0
1981-08-14,120.0
1981-08-15,125.0
1981-08-16,129.0
1981-08-17,132.0
1981-08-18,132.0
1981-08-19,129.0
1981-08-20,126.0
1981-08-21,120.0
1981-08-22,115.0
1981-08-23,110.0
1981-08-24,102.0
1981-08-25,94.3
1981-08-26,85.4
1981-08-27,77.8
1981-08-28,66.2
1981-08-29,52.8
1981-08-30,47.4
1981-08-31,45.6
1981-09-01,52.2
1981-09-02,65.5
1981-09-03,80.3
1981-09-04,96.1
1981-09-05,107.0
1981-09-06,117.0
1981-09-07,124.0
1981-09-08,127.0
1981-09-09,127.0
1981-09-10,124.0
1981-09-11,120.0
1981-09-12,112.0
1981-09-13,117.0
1981-09-14,124.0
1981-09-15,116.0
1981-09-16,109.0
1981-09-17,103.0
1981-09-18,97.0
1981-09-19,90.7
1981-09-20,82.0
1981-09-21,73.7
1981-09-22,61.3
1981-09-23,53.4
1981-09-24,44.4
1981-09-25,35.3
1981-09-26,27.7
1981-09-27,23.4
1981-09-28,20.3
1981-09-29,17.6
1981-09-30,15.7
1981-10-01,14.6
1981-10-02,14.6
1981-10-03,12.6
1981-10-04,12.0
1981-10-05,11.7
1981-10-06,11.4
1981-10-07,11.0
1981-10-08,11.0
1981-10-09,11.0
1981-10-10,11.0
1981-10-11,10.7
1981-10-12,10.7
1981-10-13,10.7
1981-10-14,11.0
1981-10-15,13.3
1981-10-16,15.0
1981-10-17,16.8
1981-10-18,17.6
1981-10-19,18.7
1981-10-20,20.3
1981-10-21,22.5
1981-10-22,25.3
1981-10-23,29.1
1981-10-24,29.6
1981-10-25,27.7
1981-10-26,25.3
1981-10-27,24.3
1981-10-28,23.0
1981-10-29,19.9
1981-10-30,18.3
1981-10-31,16.8
1981-11-01,16.4
1981-11-02,16.0
1981-11-03,15.7
1981-11-04,15.3
1981-11-05,15.0
1981-11-06,14.3
1981-11-07,14.3
1981-11-08,14.0
1981-11-09,12.6
1981-11-10,9.22
1981-11-11,6.48
1981-11-12,6.26
1981-11-13,5.82
1981-11-14,5.82
1981-11-15,5.6
1981-11-16,5.6
1981-11-17,5.38
1981-11-18,5.16
1981-11-19,4.94
1981-11-20,4.72
1981-11-21,4.5
1981-11-22,4.38
1981-11-23,4.25
1981-11-24,4.25
1981-11-25,4.13
1981-11-26,4.13
1981-11-27,4.01
1981-11-28,3.88
1981-11-29,3.76
1981-11-30,3.76
1981-12-01,3.64
1981-12-02,3.64
1981-12-03,3.52
1981-12-04,3.52
1981-12-05,3.52
1981-12-06,3.39
1981-12-07,3.39
1981-12-08,3.39
1981-12-09,3.39
1981-12-10,3.39
1981-12-11,3.27
1981-12-12,3.27
1981-12-13,3.27
1981-12-14,3.27
1981-12-15,3.27
1981-12-16,3.18
1981-12-17,3.18
1981-12-18,3.18
1981-12-19,3.18
1981-12-20,3.09
1981-12-21,3.09
1981-12-22,3.09
1981-12-23,3.09
1981-12-24,3.09
1981-12-25,3.09
1981-12-26,3.09
1981-12-27,2.99
1981-12-28,2.99
1981-12-29,2.99
1981-12-30,2.9
1981-12-31,2.81
1982-01-01,2.72
1982-01-02,2.72
1982-01-03,2.72
1982-01-04,2.72
1982-01-05,2.63
1982-01-06,2.63
1982-01-07,2.53
1982-01-08,2.53
1982-01-09,2.44
1982-01-10,2.35
1982-01-11,2.28
1982-01-12,2.21
1982-01-13,2.21
1982-01-14,2.13
1982-01-15,2.13
1982-01-16,2.06
1982-01-17,1.99
1982-01-18,1.99
1982-01-19,1.92
1982-01-20,1.85
1982-01-21,1.77
1982-01-22,1.77
1982-01-23,1.7
1982-01-24,1.7
1982-01-25,1.63
1982-01-26,1.58
1982-01-27,1.58
1982-01-28,1.52
1982-01-29,1.47
1982-01-30,1.47
1982-01-31,1.41
1982-02-01,1.41
1982-02-02,1.36
1982-02-03,1.31
1982-02-04,1.25
1982-02-05,1.25
1982-02-06,1.14
1982-02-07,1.14
1982-02-08,1.09
1982-02-09,1.09
1982-02-10,1.09
1982-02-11,1.05
1982-02-12,1.01
1982-02-13,1.01
1982-02-14,0.97
1982-02-15,0.93
1982-02-16,0.93
1982-02-17,0.88
1982-02-18,0.88
1982-02-19,0.84
1982-02-20,0.84
1982-02-21,0.8
1982-02-22,0.8
1982-02-23,0.76
1982-02-24,0.72
1982-02-25,0.72
1982-02-26,0.68
1982-02-27,0.68
1982-02-28,0.65
1982-03-01,0.62
1982-03-02,0.59
1982-03-03,0.56
1982-03-04,0.53
1982-03-05,0.53
1982-03-06,0.5
1982-03-07,0.47
1982-03-08,0.44
1982-03-09,0.41
1982-03-10,0.41
1982-03-11,0.38
1982-03-12,0.38
1982-03-13,0.36
1982-03-14,0.36
1982-03-15,0.34
1982-03-16,0.32
1982-03-17,0.3
1982-03-18,0.28
1982-03-19,0.27
1982-03-20,0.25
1982-03-21,0.23
1982-03-22,0.23
1982-03-23,0.21
1982-03-24,0.21
1982-03-25,0.19
1982-03-26,0.19
1982-03-27,0.18
1982-03-28,0.18
1982-03-29,0.17
1982-03-30,0.16
1982-03-31,0.15
1982-04-01,0.15
1982-04-02,0.14
1982-04-03,0.14
1982-04-04,0.12
1982-04-05,0.12
1982-04-06,0.11
1982-04-07,0.1
1982-04-08,0.1
1982-04-09,0.27
1982-04-10,0.25
1982-04-11,0.25
1982-04-12,0.23
1982-04-13,0.23
1982-04-14,0.21
1982-04-15,0.23
1982-04-16,0.25
1982-04-17,0.25
1982-04-18,0.25
1982-04-19,0.47
1982-04-20,0.5
1982-04-21,0.53
1982-04-22,0.56
1982-04-23,0.59
1982-04-24,0.56
1982-04-25,0.53
1982-04-26,0.5
1982-04-27,0.5
1982-04-28,0.47
1982-04-29,0.44
1982-04-30,0.41
1982-05-01,0.41
1982-05-02,0.38
1982-05-03,0.38
1982-05-04,0.36
1982-05-05,0.34
1982-05-06,0.32
1982-05-07,0.32
1982-05-08,0.3
1982-05-09,0.28
1982-05-10,0.27
1982-05-11,0.25
1982-05-12,0.23
1982-05-13,0.27
1982-05-14,0.27
1982-05-15,0.25
1982-05-16,0.25
1982-05-17,0.23
1982-05-18,0.23
1982-05-19,0.21
1982-05-20,0.19
1982-05-21,0.18
1982-05-22,0.18
1982-05-23,0.19
1982-05-24,0.18
1982-05-25,0.17
1982-05-26,0.16
1982-05-27,0.15
1982-05-28,0.14
1982-05-29,0.15
1982-05-30,0.16
1982-05-31,0.16
1982-06-01,0.15
1982-06-02,0.14
1982-06-03,0.14
1982-06-04,0.12
1982-06-05,0.12
1982-06-06,0.12
1982-06-07,0.11
1982-06-08,0.15
1982-06-09,0.15
1982-06-10,0.44
1982-06-11,0.47
1982-06-12,0.5
1982-06-13,0.53
1982-06-14,0.53
1982-06-15,0.53
1982-06-16,0.59
1982-06-17,0.72
1982-06-18,0.97
1982-06-19,1.2
1982-06-20,1.47
1982-06-21,1.85
1982-06-22,2.28
1982-06-23,2.53
1982-06-24,2.81
1982-06-25,2.9
1982-06-26,3.39
1982-06-27,3.27
1982-06-28,3.27
1982-06-29,3.27
1982-06-30,3.27
1982-07-01,3.39
1982-07-02,3.39
1982-07-03,3.27
1982-07-04,3.27
1982-07-05,3.27
1982-07-06,3.18
1982-07-07,3.18
1982-07-08,3.18
1982-07-09,3.18
1982-07-10,3.27
1982-07-11,3.27
1982-07-12,3.27
1982-07-13,3.27
1982-07-14,3.39
1982-07-15,3.39
1982-07-16,3.27
1982-07-17,3.18
1982-07-18,3.27
1982-07-19,3.27
1982-07-20,3.27
1982-07-21,3.27
1982-07-22,3.27
1982-07-23,3.27
1982-07-24,3.27
1982-07-25,3.39
1982-07-26,3.52
1982-07-27,3.64
1982-07-28,3.88
1982-07-29,3.88
1982-07-30,3.76
1982-07-31,3.88
1982-08-01,3.88
1982-08-02,3.88
1982-08-03,3.76
1982-08-04,4.13
1982-08-05,4.13
1982-08-06,4.01
1982-08-07,3.88
1982-08-08,3.88
1982-08-09,3.76
1982-08-10,3.76
1982-08-11,3.88
1982-08-12,3.88
1982-08-13,3.76
1982-08-14,3.76
1982-08-15,3.64
1982-08-16,3.88
1982-08-17,3.88
1982-08-18,4.01
1982-08-19,4.13
1982-08-20,4.13
1982-08-21,4.72
1982-08-22,4.94
1982-08-23,5.16
1982-08-24,5.6
1982-08-25,6.26
1982-08-26,6.7
1982-08-27,7.26
1982-08-28,7.82
1982-08-29,8.66
1982-08-30,9.22
1982-08-31,9.5
1982-09-01,10.4
1982-09-02,10.4
1982-09-03,11.0
1982-09-04,12.3
1982-09-05,12.6
1982-09-06,12.9
1982-09-07,15.0
1982-09-08,21.7
1982-09-09,27.2
1982-09-10,37.4
1982-09-11,106.0
1982-09-12,262.0
1982-09-13,274.0
1982-09-14,258.0
1982-09-15,243.0
1982-09-16,226.0
1982-09-17,207.0
1982-09-18,193.0
1982-09-19,178.0
1982-09-20,167.0
1982-09-21,154.0
1982-09-22,143.0
1982-09-23,136.0
1982-09-24,128.0
1982-09-25,124.0
1982-09-26,122.0
1982-09-27,120.0
1982-09-28,118.0
1982-09-29,114.0
1982-09-30,108.0
1982-10-01,106.0
1982-10-02,104.0
1982-10-03,112.0
1982-10-04,130.0
1982-10-05,158.0
1982-10-06,178.0
1982-10-07,188.0
1982-10-08,191.0
1982-10-09,185.0
1982-10-10,178.0
1982-10-11,171.0
1982-10-12,162.0
1982-10-13,147.0
1982-10-14,141.0
1982-10-15,132.0
1982-10-16,127.0
1982-10-17,124.0
1982-10-18,121.0
1982-10-19,121.0
1982-10-20,122.0
1982-10-21,118.0
1982-10-22,116.0
1982-10-23,111.0
1982-10-24,107.0
1982-10-25,101.0
1982-10-26,100.0
1982-10-27,95.2
1982-10-28,91.6
1982-10-29,87.1
1982-10-30,83.7
1982-10-31,82.8
1982-11-01,80.3
1982-11-02,78.6
1982-11-03,73.7
1982-11-04,69.8
1982-11-05,64.7
1982-11-06,59.2
1982-11-07,50.9
1982-11-08,43.4
1982-11-09,35.3
1982-11-10,29.1
1982-11-11,24.3
1982-11-12,20.3
1982-11-13,17.2
1982-11-14,15.0
1982-11-15,14.0
1982-11-16,12.9
1982-11-17,12.6
1982-11-18,12.6
1982-11-19,13.3
1982-11-20,14.0
1982-11-21,15.3
1982-11-22,15.7
1982-11-23,16.0
1982-11-24,16.0
1982-11-25,15.7
1982-11-26,15.0
1982-11-27,13.6
1982-11-28,12.6
1982-11-29,11.4
1982-11-30,10.7
1982-12-01,9.5
1982-12-02,8.38
1982-12-03,7.82
1982-12-04,7.54
1982-12-05,6.98
1982-12-06,6.48
1982-12-07,6.26
1982-12-08,6.04
1982-12-09,6.04
1982-12-10,5.82
1982-12-11,5.6
1982-12-12,5.16
1982-12-13,4.72
1982-12-14,4.72
1982-12-15,4.5
1982-12-16,4.38
1982-12-17,4.25
1982-12-18,4.5
1982-12-19,4.94
1982-12-20,5.82
1982-12-21,6.98
1982-12-22,8.1
1982-12-23,8.94
1982-12-24,8.66
1982-12-25,8.38
1982-12-26,8.1
1982-12-27,7.82
1982-12-28,8.1
1982-12-29,8.38
1982-12-30,8.66
1982-12-31,8.94
1983-01-01,8.94
1983-01-02,9.22
1983-01-03,9.5
1983-01-04,9.5
1983-01-05,9.22
1983-01-06,9.22
1983-01-07,9.22
1983-01-08,9.22
1983-01-09,9.22
1983-01-10,9.22
1983-01-11,9.22
1983-01-12,8.94
1983-01-13,8.94
1983-01-14,8.94
1983-01-15,8.66
1983-01-16,8.38
1983-01-17,8.38
1983-01-18,8.38
1983-01-19,8.1
1983-01-20,7.82
1983-01-21,7.54
1983-01-22,7.26
1983-01-23,6.98
1983-01-24,6.7
1983-01-25,6.48
1983-01-26,6.48
1983-01-27,6.26
1983-01-28,6.04
1983-01-29,6.04
1983-01-30,5.82
1983-01-31,5.82
1983-02-01,5.6
1983-02-02,5.6
1983-02-03,5.38
1983-02-04,5.16
1983-02-05,4.94
1983-02-06,4.72
1983-02-07,4.5
1983-02-08,4.38
1983-02-09,4.25
1983-02-10,4.13
1983-02-11,4.01
1983-02-12,3.88
1983-02-13,3.88
1983-02-14,3.76
1983-02-15,3.64
1983-02-16,3.52
1983-02-17,3.39
1983-02-18,3.27
1983-02-19,3.18
1983-02-20,3.18
1983-02-21,3.09
1983-02-22,2.99
1983-02-23,2.9
1983-02-24,2.9
1983-02-25,2.81
1983-02-26,2.72
1983-02-27,2.63
1983-02-28,2.53
1983-03-01,2.53
1983-03-02,2.44
1983-03-03,2.44
1983-03-04,2.35
1983-03-05,2.28
1983-03-06,2.13
1983-03-07,2.06
1983-03-08,1.99
1983-03-09,1.99
1983-03-10,1.92
1983-03-11,1.85
1983-03-12,1.77
1983-03-13,1.7
1983-03-14,1.63
1983-03-15,1.58
1983-03-16,1.52
1983-03-17,1.47
1983-03-18,1.41
1983-03-19,1.36
1983-03-20,1.25
1983-03-21,1.2
1983-03-22,1.14
1983-03-23,1.09
1983-03-24,1.05
1983-03-25,1.01
1983-03-26,0.97
1983-03-27,0.93
1983-03-28,0.84
1983-03-29,0.76
1983-03-30,0.72
1983-03-31,0.68
1983-04-01,0.65
1983-04-02,0.62
1983-04-03,0.59
1983-04-04,0.56
1983-04-05,0.5
1983-04-06,0.47
1983-04-07,0.44
1983-04-08,0.41
1983-04-09,0.38
1983-04-10,0.38
1983-04-11,0.36
1983-04-12,0.32
1983-04-13,0.27
1983-04-14,0.25
1983-04-15,0.23
1983-04-16,0.21
1983-04-17,0.19
1983-04-18,0.18
1983-04-19,0.18
1983-04-20,0.17
1983-04-21,0.17
1983-04-22,0.17
1983-04-23,0.16
1983-04-24,0.15
1983-04-25,0.14
1983-04-26,0.12
1983-04-27,0.11
1983-04-28,0.1
1983-04-29,0.14
1983-04-30,0.21
1983-05-01,1.09
1983-05-02,1.14
1983-05-03,1.25
1983-05-04,1.25
1983-05-05,1.31
1983-05-06,1.36
1983-05-07,1.41
1983-05-08,1.47
1983-05-09,1.52
1983-05-10,1.52
1983-05-11,1.58
1983-05-12,1.52
1983-05-13,1.52
1983-05-14,1.47
1983-05-15,1.41
1983-05-16,1.36
1983-05-17,1.31
1983-05-18,1.36
1983-05-19,1.41
1983-05-20,1.36
1983-05-21,1.36
1983-05-22,1.31
1983-05-23,1.25
1983-05-24,1.2
1983-05-25,1.99
1983-05-26,2.44
1983-05-27,2.99
1983-05-28,3.52
1983-05-29,3.64
1983-05-30,3.52
1983-05-31,3.39
1983-06-01,3.39
1983-06-02,3.27
1983-06-03,3.27
1983-06-04,3.18
1983-06-05,3.09
1983-06-06,2.99
1983-06-07,2.99
1983-06-08,3.09
1983-06-09,3.52
1983-06-10,3.88
1983-06-11,3.52
1983-06-12,3.52
1983-06-13,3.52
1983-06-14,3.39
1983-06-15,3.27
1983-06-16,3.18
1983-06-17,3.18
1983-06-18,3.18
1983-06-19,3.27
1983-06-20,3.39
1983-06-21,3.52
1983-06-22,3.64
1983-06-23,3.64
1983-06-24,3.64
1983-06-25,3.88
1983-06-26,7.54
1983-06-27,15.7
1983-06-28,27.7
1983-06-29,28.1
1983-06-30,28.1
1983-07-01,28.6
1983-07-02,37.9
1983-07-03,49.1
1983-07-04,55.3
1983-07-05,57.9
1983-07-06,56.6
1983-07-07,54.0
1983-07-08,51.5
1983-07-09,47.4
1983-07-10,43.4
1983-07-11,38.4
1983-07-12,32.7
1983-07-13,28.1
1983-07-14,22.5
1983-07-15,19.5
1983-07-16,18.3
1983-07-17,24.8
1983-07-18,26.7
1983-07-19,27.2
1983-07-20,26.7
1983-07-21,25.7
1983-07-22,24.8
1983-07-23,23.9
1983-07-24,22.5
1983-07-25,16.0
1983-07-26,14.6
1983-07-27,11.7
1983-07-28,12.3
1983-07-29,11.0
1983-07-30,10.4
1983-07-31,8.94
1983-08-01,7.54
1983-08-02,7.54
1983-08-03,7.54
1983-08-04,7.82
1983-08-05,7.82
1983-08-06,11.0
1983-08-07,14.0
1983-08-08,16.4
1983-08-09,32.2
1983-08-10,51.5
1983-08-11,77.8
1983-08-12,108.0
1983-08-13,136.0
1983-08-14,183.0
1983-08-15,207.0
1983-08-16,201.0
1983-08-17,191.0
1983-08-18,188.0
1983-08-19,183.0
1983-08-20,191.0
1983-08-21,193.0
1983-08-22,191.0
1983-08-23,188.0
1983-08-24,178.0
1983-08-25,169.0
1983-08-26,164.0
1983-08-27,156.0
1983-08-28,150.0
1983-08-29,145.0
1983-08-30,138.0
1983-08-31,133.0
1983-09-01,127.0
1983-09-02,118.0
1983-09-03,113.0
1983-09-04,108.0
1983-09-05,100.0
1983-09-06,97.0
1983-09-07,92.5
1983-09-08,88.0
1983-09-09,81.1
1983-09-10,72.1
1983-09-11,63.3
1983-09-12,52.8
1983-09-13,43.4
1983-09-14,36.3
1983-09-15,28.6
1983-09-16,23.9
1983-09-17,19.5
1983-09-18,17.2
1983-09-19,16.0
1983-09-20,15.0
1983-09-21,13.6
1983-09-22,12.3
1983-09-23,14.0
1983-09-24,10.1
1983-09-25,8.66
1983-09-26,7.54
1983-09-27,7.26
1983-09-28,6.7
1983-09-29,7.26
1983-09-30,8.94
1983-10-01,10.4
1983-10-02,10.4
1983-10-03,14.6
1983-10-04,28.1
1983-10-05,29.6
1983-10-06,29.6
1983-10-07,35.8
1983-10-08,41.7
1983-10-09,45.6
1983-10-10,53.4
1983-10-11,71.3
1983-10-12,87.1
1983-10-13,96.1
1983-10-14,101.0
1983-10-15,104.0
1983-10-16,108.0
1983-10-17,116.0
1983-10-18,121.0
1983-10-19,126.0
1983-10-20,127.0
1983-10-21,128.0
1983-10-22,128.0
1983-10-23,127.0
1983-10-24,126.0
1983-10-25,122.0
1983-10-26,120.0
1983-10-27,113.0
1983-10-28,109.0
1983-10-29,100.0
1983-10-30,88.0
1983-10-31,89.8
1983-11-01,84.6
1983-11-02,75.4
1983-11-03,66.9
1983-11-04,60.6
1983-11-05,51.5
1983-11-06,43.4
1983-11-07,35.8
1983-11-08,27.2
1983-11-09,20.3
1983-11-10,18.3
1983-11-11,18.0
1983-11-12,15.7
1983-11-13,14.0
1983-11-14,12.6
1983-11-15,12.0
1983-11-16,11.4
1983-11-17,11.0
1983-11-18,11.0
1983-11-19,10.7
1983-11-20,10.4
1983-11-21,10.4
1983-11-22,9.22
1983-11-23,8.38
1983-11-24,8.1
1983-11-25,7.82
1983-11-26,7.26
1983-11-27,6.26
1983-11-28,6.04
1983-11-29,5.82
1983-11-30,5.6
1983-12-01,5.38
1983-12-02,5.16
1983-12-03,4.94
1983-12-04,4.5
1983-12-05,4.38
1983-12-06,4.25
1983-12-07,4.25
1983-12-08,4.13
1983-12-09,4.01
1983-12-10,3.88
1983-12-11,3.76
1983-12-12,3.76
1983-12-13,3.64
1983-12-14,3.64
1983-12-15,3.52
1983-12-16,3.39
1983-12-17,3.27
1983-12-18,3.27
1983-12-19,3.27
1983-12-20,3.18
1983-12-21,3.18
1983-12-22,3.18
1983-12-23,3.18
1983-12-24,3.18
1983-12-25,3.27
1983-12-26,3.27
1983-12-27,3.27
1983-12-28,3.27
1983-12-29,3.27
1983-12-30,3.18
1983-12-31,3.18
1984-01-01,3.09
1984-01-02,3.09
1984-01-03,3.09
1984-01-04,2.99
1984-01-05,2.99
1984-01-06,2.99
1984-01-07,2.9
1984-01-08,2.9
1984-01-09,2.9
1984-01-10,2.81
1984-01-11,2.81
1984-01-12,2.72
1984-01-13,2.72
1984-01-14,2.72
1984-01-15,2.63
1984-01-16,2.63
1984-01-17,2.63
1984-01-18,2.53
1984-01-19,2.53
1984-01-20,2.44
1984-01-21,2.44
1984-01-22,2.35
1984-01-23,2.35
1984-01-24,2.28
1984-01-25,2.28
1984-01-26,2.28
1984-01-27,2.21
1984-01-28,2.21
1984-01-29,2.21
1984-01-30,2.13
1984-01-31,2.13
1984-02-01,2.44
1984-02-02,2.63
1984-02-03,2.53
1984-02-04,2.53
1984-02-05,2.44
1984-02-06,2.35
1984-02-07,2.28
1984-02-08,2.21
1984-02-09,2.13
1984-02-10,2.06
1984-02-11,1.99
1984-02-12,1.92
1984-02-13,1.85
1984-02-14,1.77
1984-02-15,1.77
1984-02-16,1.7
1984-02-17,1.7
1984-02-18,1.63
1984-02-19,1.58
1984-02-20,1.58
1984-02-21,1.52
1984-02-22,1.52
1984-02-23,1.47
1984-02-24,1.41
1984-02-25,1.36
1984-02-26,1.31
1984-02-27,1.25
1984-02-28,1.2
1984-02-29,1.14
1984-03-01,1.09
1984-03-02,1.05
1984-03-03,1.01
1984-03-04,0.97
1984-03-05,0.93
1984-03-06,0.93
1984-03-07,0.93
1984-03-08,0.88
1984-03-09,0.84
1984-03-10,0.8
1984-03-11,0.76
1984-03-12,0.72
1984-03-13,0.68
1984-03-14,0.65
1984-03-15,0.62
1984-03-16,0.59
1984-03-17,0.56
1984-03-18,0.53
1984-03-19,0.5
1984-03-20,0.5
1984-03-21,0.5
1984-03-22,0.5
1984-03-23,0.5
1984-03-24,0.47
1984-03-25,0.47
1984-03-26,0.47
1984-03-27,0.44
1984-03-28,0.44
1984-03-29,0.44
1984-03-30,0.47
1984-03-31,0.56
1984-04-01,0.56
1984-04-02,0.56
1984-04-03,0.53
1984-04-04,0.5
1984-04-05,0.5
1984-04-06,0.47
1984-04-07,0.41
1984-04-08,0.38
1984-04-09,0.38
1984-04-10,0.36
1984-04-11,0.34
1984-04-12,0.32
1984-04-13,0.32
1984-04-14,0.3
1984-04-15,0.3
1984-04-16,0.28
1984-04-17,0.28
1984-04-18,0.27
1984-04-19,0.27
1984-04-20,0.25
1984-04-21,0.23
1984-04-22,0.27
1984-04-23,0.34
1984-04-24,0.41
1984-04-25,0.41
1984-04-26,0.44
1984-04-27,0.5
1984-04-28,0.56
1984-04-29,0.56
1984-04-30,0.59
1984-05-01,1.14
1984-05-02,3.64
1984-05-03,4.25
1984-05-04,4.01
1984-05-05,4.72
1984-05-06,4.5
1984-05-07,3.88
1984-05-08,3.64
1984-05-09,3.52
1984-05-10,3.39
1984-05-11,3.27
1984-05-12,3.27
1984-05-13,3.18
1984-05-14,3.18
1984-05-15,3.18
1984-05-16,3.09
1984-05-17,3.09
1984-05-18,3.09
1984-05-19,2.99
1984-05-20,3.18
1984-05-21,3.18
1984-05-22,3.18
1984-05-23,3.52
1984-05-24,3.39
1984-05-25,3.76
1984-05-26,3.64
1984-05-27,3.64
1984-05-28,3.64
1984-05-29,3.64
1984-05-30,3.64
1984-05-31,3.52
1984-06-01,3.39
1984-06-02,3.39
1984-06-03,3.27
1984-06-04,3.27
1984-06-05,3.18
1984-06-06,4.25
1984-06-07,5.16
1984-06-08,5.82
1984-06-09,4.13
1984-06-10,4.01
1984-06-11,8.66
1984-06-12,13.3
1984-06-13,12.0
1984-06-14,10.1
1984-06-15,8.66
1984-06-16,8.38
1984-06-17,8.1
1984-06-18,8.66
1984-06-19,8.94
1984-06-20,9.81
1984-06-21,10.4
1984-06-22,9.5
1984-06-23,8.1
1984-06-24,6.98
1984-06-25,6.26
1984-06-26,4.72
1984-06-27,4.5
1984-06-28,4.72
1984-06-29,4.72
1984-06-30,4.94
1984-07-01,5.38
1984-07-02,6.04
1984-07-03,6.04
1984-07-04,8.1
1984-07-05,8.1
1984-07-06,6.98
1984-07-07,6.26
1984-07-08,5.6
1984-07-09,6.26
1984-07-10,6.48
1984-07-11,9.22
1984-07-12,12.0
1984-07-13,12.0
1984-07-14,11.7
1984-07-15,10.1
1984-07-16,8.66
1984-07-17,7.54
1984-07-18,11.0
1984-07-19,14.0
1984-07-20,9.22
1984-07-21,7.82
1984-07-22,7.54
1984-07-23,7.54
1984-07-24,6.7
1984-07-25,6.26
1984-07-26,5.16
1984-07-27,4.5
1984-07-28,4.38
1984-07-29,4.5
1984-07-30,4.01
1984-07-31,4.01
1984-08-01,3.88
1984-08-02,3.76
1984-08-03,3.76
1984-08-04,3.52
1984-08-05,3.39
1984-08-06,3.39
1984-08-07,3.27
1984-08-08,3.27
1984-08-09,3.39
1984-08-10,3.39
1984-08-11,3.52
1984-08-12,3.39
1984-08-13,3.27
1984-08-14,3.39
1984-08-15,3.88
1984-08-16,4.01
1984-08-17,4.13
1984-08-18,4.25
1984-08-19,4.72
1984-08-20,6.04
1984-08-21,6.04
1984-08-22,6.04
1984-08-23,6.48
1984-08-24,6.48
1984-08-25,6.98
1984-08-26,6.26
1984-08-27,6.26
1984-08-28,6.04
1984-08-29,5.82
1984-08-30,5.82
1984-08-31,5.6
1984-09-01,5.38
1984-09-02,4.94
1984-09-03,6.98
1984-09-04,7.26
1984-09-05,8.38
1984-09-06,8.1
1984-09-07,10.1
1984-09-08,12.6
1984-09-09,13.6
1984-09-10,14.6
1984-09-11,15.7
1984-09-12,17.2
1984-09-13,18.0
1984-09-14,19.5
1984-09-15,20.8
1984-09-16,21.7
1984-09-17,21.7
1984-09-18,22.1
1984-09-19,21.2
1984-09-20,21.7
1984-09-21,21.2
1984-09-22,19.9
1984-09-23,18.3
1984-09-24,16.8
1984-09-25,15.0
1984-09-26,14.0
1984-09-27,12.6
1984-09-28,10.7
1984-09-29,9.22
1984-09-30,9.22
1984-10-01,9.22
1984-10-02,9.22
1984-10-03,8.66
1984-10-04,9.22
1984-10-05,9.5
1984-10-06,9.81
1984-10-07,12.3
1984-10-08,12.9
1984-10-09,22.1
1984-10-10,25.7
1984-10-11,28.6
1984-10-12,30.1
1984-10-13,31.6
1984-10-14,34.2
1984-10-15,36.3
1984-10-16,38.4
1984-10-17,42.2
1984-10-18,49.1
1984-10-19,52.8
1984-10-20,56.6
1984-10-21,59.2
1984-10-22,62.6
1984-10-23,69.1
1984-10-24,79.4
1984-10-25,88.9
1984-10-26,97.0
1984-10-27,100.0
1984-10-28,102.0
1984-10-29,98.1
1984-10-30,97.0
1984-10-31,93.4
1984-11-01,85.4
1984-11-02,77.0
1984-11-03,69.1
1984-11-04,57.9
1984-11-05,48.5
1984-11-06,34.7
1984-11-07,27.2
1984-11-08,22.5
1984-11-09,18.7
1984-11-10,16.4
1984-11-11,14.6
1984-11-12,14.6
1984-11-13,14.0
1984-11-14,13.6
1984-11-15,12.6
1984-11-16,11.7
1984-11-17,10.7
1984-11-18,10.1
1984-11-19,9.5
1984-11-20,8.66
1984-11-21,8.66
1984-11-22,9.22
1984-11-23,8.66
1984-11-24,7.54
1984-11-25,6.98
1984-11-26,6.7
1984-11-27,6.26
1984-11-28,5.82
1984-11-29,5.6
1984-11-30,5.38
1984-12-01,5.16
1984-12-02,4.72
1984-12-03,4.5
1984-12-04,4.38
1984-12-05,4.38
1984-12-06,4.25
1984-12-07,4.13
1984-12-08,4.01
1984-12-09,4.01
1984-12-10,3.88
1984-12-11,3.88
1984-12-12,3.88
1984-12-13,3.76
1984-12-14,3.76
1984-12-15,3.76
1984-12-16,3.64
1984-12-17,3.64
1984-12-18,3.52
1984-12-19,3.52
1984-12-20,3.39
1984-12-21,3.39
1984-12-22,3.27
1984-12-23,3.27
1984-12-24,3.18
1984-12-25,3.18
1984-12-26,3.18
1984-12-27,3.09
1984-12-28,3.09
1984-12-29,3.09
1984-12-30,3.09
1984-12-31,3.09
1985-01-01,3.09
1985-01-02,3.09
1985-01-03,3.09
1985-01-04,2.99
1985-01-05,2.99
1985-01-06,2.99
1985-01-07,2.9
1985-01-08,2.9
1985-01-09,2.81
1985-01-10,2.72
1985-01-11,2.72
1985-01-12,2.72
1985-01-13,2.63
1985-01-14,2.53
1985-01-15,2.53
1985-01-16,2.44
1985-01-17,2.44
1985-01-18,2.34
1985-01-19,2.34
1985-01-20,2.28
1985-01-21,2.28
1985-01-22,2.21
1985-01-23,2.13
1985-01-24,2.06
1985-01-25,2.06
1985-01-26,1.99
1985-01-27,1.99
1985-01-28,1.92
1985-01-29,1.85
1985-01-30,1.85
1985-01-31,1.77
1985-02-01,1.7
1985-02-02,1.63
1985-02-03,1.63
1985-02-04,1.58
1985-02-05,1.52
1985-02-06,1.47
1985-02-07,1.47
1985-02-08,1.52
1985-02-09,1.47
1985-02-10,1.41
1985-02-11,1.36
1985-02-12,1.36
1985-02-13,1.31
1985-02-14,1.25
1985-02-15,1.25
1985-02-16,1.2
1985-02-17,1.14
1985-02-18,1.14
1985-02-19,1.09
1985-02-20,1.09
1985-02-21,1.04
1985-02-22,1.01
1985-02-23,0.97
1985-02-24,0.93
1985-02-25,0.88
1985-02-26,0.88
1985-02-27,0.84
1985-02-28,1.2
1985-03-01,1.25
1985-03-02,1.2
1985-03-03,1.14
1985-03-04,1.14
1985-03-05,1.36
1985-03-06,1.31
1985-03-07,1.31
1985-03-08,1.25
1985-03-09,1.2
1985-03-10,1.14
1985-03-11,1.09
1985-03-12,1.04
1985-03-13,1.01
1985-03-14,0.97
1985-03-15,0.97
1985-03-16,0.93
1985-03-17,0.84
1985-03-18,0.84
1985-03-19,0.8
1985-03-20,0.8
1985-03-21,0.76
1985-03-22,0.76
1985-03-23,0.72
1985-03-24,0.72
1985-03-25,0.68
1985-03-26,0.68
1985-03-27,0.68
1985-03-28,0.65
1985-03-29,0.62
1985-03-30,0.58
1985-03-31,0.56
1985-04-01,0.53
1985-04-02,0.5
1985-04-03,0.5
1985-04-04,0.47
1985-04-05,0.47
1985-04-06,0.44
1985-04-07,0.41
1985-04-08,0.38
1985-04-09,0.38
1985-04-10,0.36
1985-04-11,0.34
1985-04-12,0.32
1985-04-13,0.3
1985-04-14,0.28
1985-04-15,0.28
1985-04-16,0.3
1985-04-17,0.32
1985-04-18,0.32
1985-04-19,0.3
1985-04-20,0.28
1985-04-21,0.27
1985-04-22,0.25
1985-04-23,0.25
1985-04-24,0.38
1985-04-25,0.38
1985-04-26,0.38
1985-04-27,0.36
1985-04-28,0.36
1985-04-29,0.36
1985-04-30,0.38
1985-05-01,0.38
1985-05-02,0.38
1985-05-03,0.38
1985-05-04,0.36
1985-05-05,0.34
1985-05-06,0.32
1985-05-07,0.38
1985-05-08,1.74
1985-05-09,1.9
1985-05-10,2.0
1985-05-11,2.0
1985-05-12,2.5
1985-05-13,3.74
1985-05-14,4.44
1985-05-15,4.44
1985-05-16,4.44
1985-05-17,5.29
1985-05-18,5.46
1985-05-19,4.95
1985-05-20,4.44
1985-05-21,4.27
1985-05-22,4.27
1985-05-23,4.1
1985-05-24,4.1
1985-05-25,4.1
1985-05-26,3.98
1985-05-27,3.98
1985-05-28,4.61
1985-05-29,5.63
1985-05-30,5.46
1985-05-31,5.46
1985-06-01,5.8
1985-06-02,5.63
1985-06-03,5.29
1985-06-04,4.95
1985-06-05,5.12
1985-06-06,5.29
1985-06-07,5.8
1985-06-08,6.52
1985-06-09,7.72
1985-06-10,8.2
1985-06-11,10.4
1985-06-12,12.8
1985-06-13,15.7
1985-06-14,16.7
1985-06-15,17.1
1985-06-16,16.0
1985-06-17,14.0
1985-06-18,14.3
1985-06-19,14.0
1985-06-20,13.7
1985-06-21,13.4
1985-06-22,12.5
1985-06-23,11.3
1985-06-24,10.7
1985-06-25,10.7
1985-06-26,10.4
1985-06-27,10.2
1985-06-28,9.88
1985-06-29,9.6
1985-06-30,9.6
1985-07-01,9.32
1985-07-02,9.88
1985-07-03,11.9
1985-07-04,12.8
1985-07-05,11.6
1985-07-06,9.88
1985-07-07,9.04
1985-07-08,8.48
1985-07-09,8.2
1985-07-10,8.2
1985-07-11,9.32
1985-07-12,13.1
1985-07-13,16.4
1985-07-14,18.6
1985-07-15,19.0
1985-07-16,18.2
1985-07-17,18.2
1985-07-18,18.2
1985-07-19,19.4
1985-07-20,20.5
1985-07-21,21.3
1985-07-22,22.6
1985-07-23,22.6
1985-07-24,24.0
1985-07-25,25.4
1985-07-26,25.4
1985-07-27,24.9
1985-07-28,23.6
1985-07-29,22.2
1985-07-30,19.7
1985-07-31,17.1
1985-08-01,15.4
1985-08-02,17.4
1985-08-03,16.0
1985-08-04,23.1
1985-08-05,27.2
1985-08-06,34.6
1985-08-07,39.2
1985-08-08,40.8
1985-08-09,48.4
1985-08-10,70.6
1985-08-11,175.0
1985-08-12,185.0
1985-08-13,196.0
1985-08-14,201.0
1985-08-15,196.0
1985-08-16,171.0
1985-08-17,169.0
1985-08-18,164.0
1985-08-19,158.0
1985-08-20,152.0
1985-08-21,145.0
1985-08-22,138.0
1985-08-23,130.0
1985-08-24,122.0
1985-08-25,116.0
1985-08-26,109.0
1985-08-27,104.0
1985-08-28,98.1
1985-08-29,93.4
1985-08-30,88.0
1985-08-31,78.6
1985-09-01,68.4
1985-09-02,61.0
1985-09-03,51.8
1985-09-04,41.9
1985-09-05,33.1
1985-09-06,27.7
1985-09-07,24.0
1985-09-08,20.5
1985-09-09,18.2
1985-09-10,17.1
1985-09-11,24.0
1985-09-12,27.7
1985-09-13,29.6
1985-09-14,31.1
1985-09-15,32.1
1985-09-16,33.6
1985-09-17,33.1
1985-09-18,33.1
1985-09-19,33.6
1985-09-20,34.1
1985-09-21,34.6
1985-09-22,40.8
1985-09-23,40.8
1985-09-24,39.8
1985-09-25,38.7
1985-09-26,36.1
1985-09-27,33.6
1985-09-28,31.1
1985-09-29,28.7
1985-09-30,25.8
1985-10-01,23.6
1985-10-02,20.9
1985-10-03,18.6
1985-10-04,17.4
1985-10-05,15.4
1985-10-06,14.0
1985-10-07,12.2
1985-10-08,11.0
1985-10-09,10.4
1985-10-10,9.88
1985-10-11,9.04
1985-10-12,8.76
1985-10-13,9.32
1985-10-14,9.32
1985-10-15,9.32
1985-10-16,9.32
1985-10-17,12.2
1985-10-18,16.0
1985-10-19,19.0
1985-10-20,22.2
1985-10-21,24.9
1985-10-22,24.9
1985-10-23,30.6
1985-10-24,32.6
1985-10-25,34.1
1985-10-26,35.6
1985-10-27,37.2
1985-10-28,38.2
1985-10-29,39.8
1985-10-30,40.3
1985-10-31,41.3
1985-11-01,41.9
1985-11-02,40.8
1985-11-03,39.8
1985-11-04,38.2
1985-11-05,36.6
1985-11-06,34.1
1985-11-07,31.6
1985-11-08,29.2
1985-11-09,26.3
1985-11-10,24.9
1985-11-11,22.2
1985-11-12,21.3
1985-11-13,20.5
1985-11-14,21.8
1985-11-15,21.3
1985-11-16,20.9
1985-11-17,20.1
1985-11-18,19.7
1985-11-19,19.7
1985-11-20,18.6
1985-11-21,17.8
1985-11-22,17.1
1985-11-23,15.7
1985-11-24,14.7
1985-11-25,13.4
1985-11-26,10.2
1985-11-27,9.32
1985-11-28,9.04
1985-11-29,8.76
1985-11-30,8.48
1985-12-01,7.72
1985-12-02,7.24
1985-12-03,7.0
1985-12-04,6.76
1985-12-05,6.28
1985-12-06,6.04
1985-12-07,5.8
1985-12-08,5.63
1985-12-09,5.63
1985-12-10,5.46
1985-12-11,5.29
1985-12-12,5.12
1985-12-13,4.95
1985-12-14,4.95
1985-12-15,4.78
1985-12-16,4.61
1985-12-17,4.61
1985-12-18,4.61
1985-12-19,4.61
1985-12-20,4.61
1985-12-21,4.61
1985-12-22,4.44
1985-12-23,4.27
1985-12-24,4.27
1985-12-25,4.1
1985-12-26,4.1
1985-12-27,4.1
1985-12-28,4.1
1985-12-29,4.1
1985-12-30,4.1
1985-12-31,3.26
1986-01-01,3.98
1986-01-02,3.98
1986-01-03,3.98
1986-01-04,3.86
1986-01-05,3.86
1986-01-06,3.86
1986-01-07,3.74
1986-01-08,3.62
1986-01-09,3.5
1986-01-10,3.5
1986-01-11,3.5
1986-01-12,3.5
1986-01-13,3.38
1986-01-14,3.38
1986-01-15,3.38
1986-01-16,3.26
1986-01-17,3.14
1986-01-18,3.14
1986-01-19,3.02
1986-01-20,3.02
1986-01-21,2.9
1986-01-22,2.9
1986-01-23,2.8
1986-01-24,2.8
1986-01-25,2.7
1986-01-26,2.6
1986-01-27,2.6
1986-01-28,2.5
1986-01-29,2.4
1986-01-30,2.4
1986-01-31,2.3
1986-02-01,2.3
1986-02-02,2.3
1986-02-03,2.2
1986-02-04,2.2
1986-02-05,2.1
1986-02-06,2.0
1986-02-07,1.9
1986-02-08,1.82
1986-02-09,1.82
1986-02-10,1.74
1986-02-11,1.66
1986-02-12,1.66
1986-02-13,1.58
1986-02-14,1.58
1986-02-15,1.58
1986-02-16,1.5
1986-02-17,1.5
1986-02-18,1.42
1986-02-19,1.34
1986-02-20,1.26
1986-02-21,1.18
1986-02-22,1.1
1986-02-23,1.1
1986-02-24,1.06
1986-02-25,1.06
1986-02-26,1.06
1986-02-27,1.02
1986-02-28,0.97
1986-03-01,0.97
1986-03-02,0.93
1986-03-03,0.89
1986-03-04,0.89
1986-03-05,0.85
1986-03-06,0.81
1986-03-07,0.76
1986-03-08,0.72
1986-03-09,0.68
1986-03-10,0.68
1986-03-11,0.68
1986-03-12,0.68
1986-03-13,0.65
1986-03-14,0.65
1986-03-15,0.62
1986-03-16,0.62
1986-03-17,0.59
1986-03-18,0.56
1986-03-19,0.53
1986-03-20,0.5
1986-03-21,0.47
1986-03-22,0.47
1986-03-23,0.44
1986-03-24,0.41
1986-03-25,0.38
1986-03-26,0.36
1986-03-27,0.34
1986-03-28,0.32
1986-03-29,0.32
1986-03-30,0.3
1986-03-31,0.28
1986-04-01,0.27
1986-04-02,0.25
1986-04-03,0.23
1986-04-04,0.23
1986-04-05,0.21
1986-04-06,0.19
1986-04-07,0.17
1986-04-08,0.15
1986-04-09,0.13
1986-04-10,0.13
1986-04-11,0.11
1986-04-12,0.1
1986-04-13,0.15
1986-04-14,0.13
1986-04-15,0.11
1986-04-16,0.11
1986-04-17,0.1
1986-04-18,0.08
1986-04-19,0.08
1986-04-20,0.06
1986-04-21,0.04
1986-04-22,0.0
1986-04-23,0.08
1986-04-24,0.06
1986-04-25,0.06
1986-04-26,0.04
1986-04-27,0.04
1986-04-28,0.02
1986-04-29,0.0
1986-04-30,0.0
1986-05-01,0.0
1986-05-02,0.0
1986-05-03,0.0
1986-05-04,0.0
1986-05-05,0.0
1986-05-06,0.0
1986-05-07,0.0
1986-05-08,0.0
1986-05-09,0.04
1986-05-10,0.04
1986-05-11,0.04
1986-05-12,0.02
1986-05-13,0.0
1986-05-14,0.0
1986-05-15,0.0
1986-05-16,0.0
1986-05-17,0.13
1986-05-18,0.68
1986-05-19,1.66
1986-05-20,3.98
1986-05-21,4.27
1986-05-22,4.44
1986-05-23,4.61
1986-05-24,4.61
1986-05-25,4.44
1986-05-26,4.27
1986-05-27,3.86
1986-05-28,3.62
1986-05-29,3.5
1986-05-30,3.38
1986-05-31,3.38
1986-06-01,3.5
1986-06-02,3.5
1986-06-03,3.74
1986-06-04,3.74
1986-06-05,3.74
1986-06-06,3.62
1986-06-07,3.62
1986-06-08,3.5
1986-06-09,3.5
1986-06-10,3.38
1986-06-11,3.26
1986-06-12,3.26
1986-06-13,3.38
1986-06-14,3.38
1986-06-15,3.26
1986-06-16,3.26
1986-06-17,3.14
1986-06-18,3.02
1986-06-19,3.02
1986-06-20,3.02
1986-06-21,2.9
1986-06-22,2.9
1986-06-23,2.9
1986-06-24,2.8
1986-06-25,2.8
1986-06-26,2.9
1986-06-27,2.9
1986-06-28,2.9
1986-06-29,2.8
1986-06-30,2.8
1986-07-01,2.7
1986-07-02,2.7
1986-07-03,2.7
1986-07-04,2.6
1986-07-05,2.6
1986-07-06,2.5
1986-07-07,2.4
1986-07-08,2.4
1986-07-09,2.5
1986-07-10,2.5
1986-07-11,2.5
1986-07-12,2.5
1986-07-13,2.4
1986-07-14,2.4
1986-07-15,2.5
1986-07-16,2.5
1986-07-17,2.4
1986-07-18,2.4
1986-07-19,2.3
1986-07-20,2.6
1986-07-21,2.7
1986-07-22,2.8
1986-07-23,2.8
1986-07-24,3.02
1986-07-25,2.9
1986-07-26,3.02
1986-07-27,3.14
1986-07-28,3.26
1986-07-29,3.74
1986-07-30,3.5
1986-07-31,3.38
1986-08-01,3.38
1986-08-02,3.38
1986-08-03,3.5
1986-08-04,3.5
1986-08-05,3.62
1986-08-06,4.27
1986-08-07,4.27
1986-08-08,4.1
1986-08-09,3.98
1986-08-10,3.98
1986-08-11,4.1
1986-08-12,3.86
1986-08-13,3.98
1986-08-14,3.98
1986-08-15,5.46
1986-08-16,7.24
1986-08-17,7.0
1986-08-18,5.8
1986-08-19,4.95
1986-08-20,4.78
1986-08-21,5.29
1986-08-22,5.63
1986-08-23,6.28
1986-08-24,6.52
1986-08-25,6.52
1986-08-26,6.52
1986-08-27,7.48
1986-08-28,7.96
1986-08-29,7.96
1986-08-30,8.48
1986-08-31,8.76
1986-09-01,10.2
1986-09-02,11.3
1986-09-03,12.5
1986-09-04,14.0
1986-09-05,17.1
1986-09-06,19.4
1986-09-07,20.9
1986-09-08,23.1
1986-09-09,23.1
1986-09-10,26.8
1986-09-11,28.2
1986-09-12,27.7
1986-09-13,26.3
1986-09-14,24.4
1986-09-15,22.6
1986-09-16,20.9
1986-09-17,18.6
1986-09-18,16.4
1986-09-19,14.7
1986-09-20,13.4
1986-09-21,12.8
1986-09-22,11.0
1986-09-23,9.88
1986-09-24,8.76
1986-09-25,7.72
1986-09-26,7.0
1986-09-27,6.76
1986-09-28,6.52
1986-09-29,5.46
1986-09-30,4.95
1986-10-01,4.78
1986-10-02,4.95
1986-10-03,4.61
1986-10-04,4.27
1986-10-05,3.98
1986-10-06,3.86
1986-10-07,3.74
1986-10-08,3.62
1986-10-09,3.62
1986-10-10,3.5
1986-10-11,3.38
1986-10-12,3.26
1986-10-13,3.14
1986-10-14,3.14
1986-10-15,3.14
1986-10-16,3.02
1986-10-17,3.02
1986-10-18,3.02
1986-10-19,2.9
1986-10-20,2.9
1986-10-21,3.02
1986-10-22,3.38
1986-10-23,3.26
1986-10-24,3.26
1986-10-25,3.02
1986-10-26,2.9
1986-10-27,2.9
1986-10-28,2.9
1986-10-29,3.02
1986-10-30,2.9
1986-10-31,2.9
1986-11-01,2.9
1986-11-02,2.9
1986-11-03,2.9
1986-11-04,3.02
1986-11-05,3.02
1986-11-06,2.9
1986-11-07,2.9
1986-11-08,2.8
1986-11-09,2.7
1986-11-10,2.6
1986-11-11,2.6
1986-11-12,2.6
1986-11-13,2.5
1986-11-14,2.5
1986-11-15,2.6
1986-11-16,2.7
1986-11-17,2.9
1986-11-18,2.9
1986-11-19,10.2
1986-11-20,10.2
1986-11-21,10.4
1986-11-22,10.2
1986-11-23,10.2
1986-11-24,9.88
1986-11-25,9.6
1986-11-26,10.2
1986-11-27,9.88
1986-11-28,9.88
1986-11-29,9.6
1986-11-30,9.04
1986-12-01,9.6
1986-12-02,9.6
1986-12-03,9.32
1986-12-04,9.04
1986-12-05,8.76
1986-12-06,9.04
1986-12-07,8.76
1986-12-08,8.76
1986-12-09,8.76
1986-12-10,8.48
1986-12-11,8.48
1986-12-12,8.48
1986-12-13,8.2
1986-12-14,8.2
1986-12-15,7.96
1986-12-16,7.96
1986-12-17,7.72
1986-12-18,7.72
1986-12-19,7.48
1986-12-20,7.24
1986-12-21,7.24
1986-12-22,7.24
1986-12-23,7.0
1986-12-24,6.76
1986-12-25,6.52
1986-12-26,6.76
1986-12-27,6.52
1986-12-28,6.28
1986-12-29,6.28
1986-12-30,6.04
1986-12-31,6.04
